,1001,1005,2204,2701,2709,2710,2711,2902,2933,3004,3823,3901,3907,3920,3923,3926,4011,4104,4202,4407,4703,4810,5407,6109,6110,6203,6204,6403,7102,7108,7110,7113,7208,7210,7326,7601,7606,8407,8408,8409,8411,8413,8414,8415,8418,8419,8421,8422,8429,8431,8443,8471,8473,8477,8479,8481,8482,8483,8501,8504,8507,8516,8517,8518,8521,8524,8525,8527,8528,8529,8532,8534,8536,8538,8540,8541,8542,8543,8544,8701,8703,8704,8708,8711,8802,8803,8901,9001,9009,9013,9018,9027,9030,9031,9032,9401,9403,9503,9999,XXXX
ARG,0.20516237613574506,0.1502301351397,0.6090320080058653,-0.08797256209264159,-0.028907608317687628,0.003157082584954888,-0.22770512604772714,0.7872534705743774,0.21752139418923971,0.011885838769240905,0.09658115022255614,0.5860137839546229,0.05133477449222076,0.7080630760122869,0.3934396135827054,0.17578830700979817,0.33373648722339105,-0.14085619036094427,0.4172378602180558,0.2274939016990966,0.5024472549673265,-0.12332078588626882,0.30215422575729173,-0.0324633729448759,0.332080375321913,0.10542672991888308,0.38708334235884073,0.2200537133196482,0.1428725662321556,0.10002144458483572,-0.2970056255807985,0.27757479275749924,0.19192328050617127,0.5312684436027951,0.21681930144302944,0.05943757154228497,0.1080036220764082,0.18819764114286028,0.411589911708534,0.27490667325388335,-0.06781603509971873,0.47087993188376887,0.400159872363782,0.6463090243938878,0.7128968780434556,0.4594502910427853,0.35562021268949284,0.6386021242384842,0.023891509653411202,-0.23052262839057405,0.1944668095088433,0.05435228271193953,-0.048557159628001785,0.5188794726206626,0.00991141609803887,0.4101096897742954,0.48919237470498794,0.5399335729832401,0.4652088007474458,0.0474861576658773,0.15267565491472557,0.8597232905981715,-0.04129239378496956,1.699394476654215,0.23048211141875824,-0.45306158491888304,0.09144278454116807,0.16078817434457227,0.11329829436506753,0.2649617737631387,0.13859208750069973,0.40641850975142724,0.1873022900766203,1.0228715105045478,-0.13268072904351969,0.02461022381279069,0.005940188721291427,0.3426038901522639,0.08766918432405287,0.49930370435502436,0.026792300844985104,0.13041171865978018,0.07657818945462092,0.20701264397762462,0.06310467232216697,0.09509283906491392,-0.1826870927932959,-0.32983655094755054,0.17069379376709257,0.134399547944804,0.2504894424806363,0.8097147872028416,-0.046392690410876944,0.7820464015401597,0.49584355434006433,0.40370800845903737,0.42128322122639084,0.35348255300315545,0.0326497599644835,-0.027510440420176013
AUS,1.3967582548522465e-06,1.449388833894113e-06,2.312262141605382e-06,-9.494103154536365e-09,1.0295556821264497e-08,3.548259819292679e-09,-5.710322354586074e-07,2.5203003513095363e-06,-1.6019063927655155e-06,-9.544101670456376e-08,-1.1355383054704348e-06,-4.87314360453549e-07,-1.5265197383008334e-06,2.1114834284002646e-06,2.8152081003607846e-08,-3.8640084999995405e-08,2.1144483983332342e-06,2.541203038721034e-07,3.408844202294737e-07,5.461673810713803e-07,2.7041585902717226e-07,-1.2095705453572766e-06,-2.409871416781972e-07,-2.8635216185760625e-06,1.237841372431159e-06,-1.148059469164444e-06,-5.994371684330002e-07,6.470488646838025e-07,7.251635616718227e-07,3.418664034433005e-07,-3.540632515084137e-07,9.834465816485387e-07,-6.870756875521561e-07,1.7343327132872727e-06,-6.138948694807128e-07,-3.3225458370651455e-07,-5.438452149865999e-06,6.346832375187109e-07,-3.182094703246176e-07,8.340152686208083e-07,3.084053672401521e-07,6.737297123879109e-07,1.7393398047786577e-07,-5.833207498817613e-07,1.600102193369028e-06,-7.736018210800523e-07,-2.3813385239547224e-07,8.520079076678998e-07,1.2978875770858411e-06,3.7975996242278763e-07,1.6879974740423134e-06,6.140144179862834e-08,-1.894381312717334e-07,2.1053827457476427e-06,-1.4346064085296147e-06,3.056874099437184e-07,1.5424212190488408e-06,5.584170785748386e-07,3.3052648963268597e-07,-3.8375506729928177e-07,-2.8801243059176884e-07,2.037833235217867e-06,-2.6420122755846216e-07,3.887161869314719e-06,1.9385015012869858e-06,-2.038012662060437e-06,1.4130559866890928e-07,4.997068105013548e-07,5.186416481030636e-07,2.3820536574154932e-07,-2.6876707367803065e-06,4.67958230731827e-07,-4.453741535581845e-07,1.4951379352255953e-06,-1.5556007867323575e-07,-5.545315046016687e-07,-2.910063116515157e-07,7.668437869214524e-07,-6.492238897609615e-07,6.50684832407953e-07,9.131744926526192e-08,5.136386417363658e-07,1.7614769144557537e-07,-2.6245861044058273e-06,1.8605060962962922e-07,5.921471654200692e-07,2.0209746609814262e-07,1.5218234396408978e-07,4.3957973789442473e-07,6.790312619348352e-07,1.0594366256575009e-07,1.5492463973239842e-06,-4.350567201108856e-07,9.404811352715358e-07,-7.998159155298813e-08,6.515132108039025e-07,1.3533046691633578e-06,4.4285297361521666e-07,-9.186526884350598e-08,-1.2101009860750787e-07
BRA,1.7827399600352546e-06,1.6688898440616443e-06,3.5705797762068146e-06,-2.453265036392193e-08,3.0212721851641085e-08,-1.47030170471359e-08,-4.185135340229784e-07,3.6536501120087555e-06,-1.4244011702460325e-06,-7.531010829282053e-08,-1.0464579644469444e-06,2.782850355002406e-07,-1.9622216955723127e-06,2.793179594464033e-06,4.5625387525539134e-07,3.4279126734626665e-07,2.715717251775848e-06,-8.808601977261961e-08,1.8305050249482493e-07,8.424500027519866e-07,-2.9036611110599182e-08,-1.723616394601768e-06,-3.0187767990408723e-07,-4.276530945372127e-06,1.8980324138309796e-06,-1.9649590981187255e-06,-1.3405941111243824e-06,6.09174599376982e-07,4.091692297310601e-07,5.881812293758945e-07,2.3336237319783188e-07,1.0961122607377578e-06,-1.7385033504434904e-06,2.2110396173937464e-06,-6.289389149549236e-07,-1.0097882984985127e-07,-6.380146785280331e-06,8.050256248998084e-07,-4.217024540548054e-07,1.0800905819078487e-06,5.407255663963015e-07,7.29027579111066e-07,4.1821219850593973e-07,-1.1406026539135745e-06,2.786511138000893e-06,-9.301958008781335e-07,-2.6385931697788597e-08,1.9030925172425702e-06,1.484021721372425e-06,3.44211848546177e-07,1.8975778060336086e-06,1.9461712284934966e-07,-1.4294398492913567e-07,2.6440961874619723e-06,-1.6386193929995217e-06,3.3464785056522776e-07,8.628624935244111e-07,2.1719236207057345e-07,2.3713247239700625e-07,-6.672880930856163e-07,-3.1109950706243907e-07,3.3785750304266636e-06,-7.709391132119886e-07,4.456158945644661e-06,2.52214145449289e-06,-2.617733890587221e-06,2.090875177125222e-07,7.600568236200942e-07,9.830147789651994e-09,1.872958766608767e-07,-2.5054382073204537e-06,1.1063970357212654e-07,-5.289341419465306e-07,5.365342590120091e-07,-4.430000099915182e-08,-1.2764470644145638e-06,-3.069113893487778e-07,1.326519770833644e-06,-9.523459180320025e-07,8.713724788526687e-07,1.1652181815500372e-07,7.334182380732238e-07,2.0994886842120693e-07,-2.029436344535742e-06,-4.0788268580194296e-08,1.2619402914140097e-06,-2.789660768269034e-07,-3.8377507216620785e-07,3.1766856875003693e-07,4.163346470386023e-07,3.942209862042122e-07,2.9223467782265695e-06,-5.612695928477969e-07,2.6324075969331538e-06,-5.028431481594235e-07,5.359045016967093e-07,1.7335281192585837e-06,1.5641267632903887e-06,-1.1720639534739827e-07,-1.7640275006898955e-07
CAN,-9.413298951167237e-07,-1.112217547370792e-06,-1.597983481986079e-05,-5.963365404258533e-07,-8.775221907487879e-08,-1.7275999728540736e-07,-8.300840450926127e-08,-5.21411293388596e-06,-9.068893416885495e-06,-3.382303926417338e-07,-4.506846214334655e-06,-1.2740764704501087e-05,-8.058793248000619e-06,-1.141138227031095e-05,-9.04824619367199e-06,-4.620222324168108e-06,-6.885453992233106e-06,1.6959846695435386e-06,-2.5208539861730853e-06,-4.131424587641908e-06,-1.1177940541540134e-06,-1.7192922070780731e-06,-4.06597033640872e-06,1.0360768536085217e-06,-8.703398396580165e-06,1.752611829704474e-06,-2.1599604308767442e-06,-4.1007584912797e-06,-2.561092208680831e-06,-1.4770447651415522e-06,-8.874449966908477e-06,-3.814866010037598e-07,-6.217421440246321e-06,-1.347241215405691e-05,-1.0875715945173286e-05,-2.0664111377764555e-06,-1.5418636279285272e-05,-2.7220532554170156e-06,-7.583505929587959e-06,-4.637346087601839e-06,-2.7271051794645022e-06,-8.079956436679982e-06,-6.6329424886577715e-06,-7.134538363608474e-06,-1.4239253968854096e-05,-1.0213261625870252e-05,-7.610119056209661e-06,-1.1881382599889335e-05,-5.411564766869439e-06,-4.742192192435712e-06,-2.152135558924843e-06,-1.9604385477666047e-06,-4.754096111270979e-07,-3.900330791148599e-06,-2.700599028907408e-06,-5.954676780298588e-06,-1.1322294210493683e-05,-8.529767272738882e-06,-9.105181120134016e-06,-2.5855059082940974e-06,-1.7339610867445347e-07,-1.465958107406258e-05,-1.552228685610898e-06,-1.9469620951073657e-05,-2.4805020887716146e-06,-5.45863812778343e-06,-9.51206297268224e-07,-2.759410858665319e-06,-4.027356515174399e-06,-2.9409691489230056e-06,-6.421650067133372e-06,-2.952813131158043e-05,-3.7135271241941775e-06,-1.3258606867182198e-05,-9.56183986000007e-08,-2.249534125175913e-06,-5.791983460009498e-07,-8.764362477734427e-06,-1.9886909145477093e-06,-2.866118662498578e-06,-3.080773288673588e-07,-1.913001774528525e-06,-1.1201177530590261e-06,-1.3877496504721744e-05,-2.0272482093022295e-06,-2.5696289717556356e-06,3.400098119172597e-08,-6.8426889017630784e-06,-4.042111532204462e-06,-2.305021706056423e-06,-4.692451168222371e-06,-1.5784211035571898e-05,-6.714227209376449e-06,-1.0593287892132976e-05,-8.77834010980593e-06,-8.191316386102972e-06,-9.327860019014853e-06,-1.0151756462870737e-05,-2.1530703994309214e-07,-3.187007461130919e-08
CHN,0.01916327104730674,0.02956915018961326,0.007972642404989936,-0.0018110654646522077,-7.831752140381613e-05,0.0002543732408661109,-0.0033118464316480214,0.04170000459939953,-0.024831596857537577,0.0022061233615882866,0.011704524228217031,0.024104773610117494,0.021834587346274942,0.009548766081001294,0.010867693254519892,0.007771936168285437,0.007370288491994413,0.02923685791166471,0.020068504585705263,0.008807724866030781,0.037197541909302016,-0.005295953759311991,0.001033959681286914,0.001793314211370104,0.009301411193187732,0.010850459905395436,0.011145444681177091,5.676341113722373e-05,0.02072885727593388,0.0028081892487923934,-0.0023800342173845427,0.017513450792735814,-0.001586768321632209,0.018104989023111556,-0.0005903036317545493,0.028506301170693808,0.0028544828290264887,0.005642999868753381,0.014244053622180456,0.012907187818670285,-0.0005243417173144034,0.012263092578406702,0.011395003348459349,0.019067101100591986,0.01119714784175477,0.004740207522917007,0.010275610550848925,0.007991684377695221,0.02025369517558023,-0.003661805501712582,0.015332316505259774,0.0002118025198970269,-0.0019917976114126497,0.03696038082291901,-0.00536540758928633,0.00760831576324549,0.030967748973172112,0.024248370941684735,0.010381916972591748,0.000601387260797457,0.005125450608349659,0.023882746803033386,0.005012647040682435,0.05069496904264763,0.013432437786455321,-0.041516267522620005,0.0023597338774681118,1.2273871817223029e-05,0.0025954398691130647,0.0086959135036219,0.0117815067827882,-0.05360649048209542,0.00787396515926665,0.015524870304093526,-0.0020205038510128625,-0.0004100976617337257,-0.00039730742209304607,0.005038090338281388,0.007563843997282033,0.030505434677649438,0.000797422303885424,0.004562503617087221,0.0019106529556219233,-0.02683616182896321,-0.005996744715053409,0.007080443758836434,-0.009570314650282198,0.004864966574469856,-0.0027516400582541104,0.000856238914125042,0.0021502601509979856,0.026232356762334607,-0.0037410302216041957,0.039554907732071466,0.016937604236991893,0.0076579697183076145,0.00876525739825497,0.008977867275018604,0.0034183828396710018,-0.003551623618465769
DEU,-4.910067064765571e-06,-9.137981652662536e-07,-2.628250234121479e-05,-1.3301168002222696e-06,-3.483141290654962e-08,-3.106790498315611e-08,-1.3888526120459388e-07,-1.2292203351292516e-05,-1.5421739502542556e-06,-1.3988857358008128e-07,-7.575738898131411e-07,-1.7996565346472716e-05,-5.402755418243271e-06,-1.6053916979562486e-05,-8.086301466158914e-06,-4.5379872250464624e-06,-1.1252199826216409e-05,5.933277230576719e-06,7.383838780969138e-07,-6.826363502541633e-06,6.434228369456494e-07,3.191351333690107e-06,1.7422567329984704e-06,1.6895587981485834e-05,-1.0162528360910621e-05,1.3828936882174517e-05,7.564052620125223e-06,-3.769213265144366e-06,-5.6380748619701285e-06,-3.1791310975936628e-06,-1.58792868674385e-05,2.9199377251760864e-06,-6.2183209129802135e-06,-2.2157647056990882e-05,-9.4373613296396e-06,-3.771603713913645e-06,-1.2115207655247359e-05,-3.9875316894688865e-06,-8.401265011975785e-06,-6.6616697323202665e-06,-3.5456300185773726e-06,-7.060881389877353e-06,-5.565317224201123e-06,1.281604384718032e-06,-1.8773427050983143e-05,-2.7832168849582333e-06,-6.018551491843189e-06,-1.4790161202308403e-05,-1.051632170834404e-05,-7.065291085669247e-06,-6.218663013390332e-06,-2.661262225647135e-06,-1.5497543374104306e-07,-5.280408588139817e-06,2.193644604566556e-06,-4.8410240158721605e-06,-1.1553990904056234e-05,-5.94375517044423e-06,-4.991743834168964e-06,1.4492268121971786e-06,4.361971214275248e-06,-2.252529077969841e-05,8.581940754180673e-07,-2.574694817459456e-05,-9.145103556485906e-06,-1.1771220219731298e-06,-1.1678007480986383e-06,-3.6320220824573838e-06,-2.6898281657463373e-06,-3.731727487946518e-06,3.945940086518489e-06,-3.1057545626661675e-05,-3.340243996486987e-07,-6.943584613504945e-06,5.10201857377833e-07,1.9076696741964027e-06,3.031380681518688e-07,-1.1671205616136873e-05,2.6486323756545724e-06,-2.8587143244773705e-06,-4.529180942403271e-07,-3.29472915546306e-06,-1.2321902578961885e-06,-1.0066081083766847e-05,-1.7206489935383418e-06,-5.400137411909202e-06,3.175638006875286e-06,-6.620654413597659e-06,-4.533567298387292e-06,-3.513504695719207e-06,-3.520652715524836e-06,-2.0365095307726327e-05,-4.202788681055413e-06,-1.4959660949625748e-05,-1.6556943324731273e-06,-7.27026379784315e-06,-1.2682976381877284e-05,-1.2550113770690194e-05,1.1387697895921139e-07,3.958727863046957e-07
FRA,-1.317765448120772e-06,-6.741024437107131e-07,-1.6882577794963132e-05,-5.124006881199869e-07,-6.681436911840607e-08,-1.0165111363045321e-07,2.7409237171734064e-08,-5.795715983417146e-06,-9.758447293430681e-06,-3.7550868938884203e-07,-4.4931226258382005e-06,-1.302210059480603e-05,-7.249825283711172e-06,-1.167864057513054e-05,-8.617096932494023e-06,-4.763071882511588e-06,-7.501506368398296e-06,3.179144722873948e-06,-1.6577344279710522e-06,-4.330798583706925e-06,-5.310858732008356e-07,-9.990714507970356e-07,-2.755472442831414e-06,3.877863630854146e-06,-8.693073925327771e-06,4.432401962498068e-06,3.8994970097688494e-07,-3.533217889475264e-06,-2.4913077554454267e-06,-1.7428071523717979e-06,-1.1001326833294432e-05,4.5147904919351676e-07,-5.433144450293964e-06,-1.4043416575686538e-05,-1.0023991214774118e-05,-1.9929086471775107e-06,-1.2179701147638731e-05,-2.6744641950945096e-06,-7.37625432090857e-06,-4.361581742524334e-06,-2.4359088917939303e-06,-7.418738381361907e-06,-6.423313170161334e-06,-6.00775406512021e-06,-1.5008626649767117e-05,-8.538215870006227e-06,-7.179901531023556e-06,-1.1792491458873458e-05,-5.571795560861376e-06,-4.494776092845498e-06,-2.468149563286841e-06,-2.0754216524625963e-06,-3.6395186183027864e-07,-3.399348706650324e-06,-1.914627808999086e-06,-5.2739277397249445e-06,-9.937821489422416e-06,-7.241261851165474e-06,-7.922930266413755e-06,-2.391412340756809e-06,-1.973861570692559e-07,-1.5505994788730596e-05,-1.3709995603371077e-06,-1.8970173509618294e-05,-3.4284732053346703e-06,-5.028083191637717e-06,-8.67604891035399e-07,-2.5639692491851013e-06,-3.2642404229076203e-06,-2.839214386193909e-06,-5.564439377305965e-06,-2.9009362604111487e-05,-3.1640767375288e-06,-1.1002887911023609e-05,6.530487686578139e-08,-2.0507028157118586e-06,-4.721827179682488e-07,-9.307256559306115e-06,-1.091834299127292e-06,-2.758053972400441e-06,-2.791726573310442e-07,-1.8177635676303546e-06,-1.0085546144780303e-06,-1.3780438632377963e-05,-1.5916810522313849e-06,-2.563212905042273e-06,4.81796587771068e-08,-7.551658442035046e-06,-4.091680918202927e-06,-2.4487703286530735e-06,-4.562240181560942e-06,-1.6504091420195236e-05,-6.5978679110411465e-06,-1.0849691401376599e-05,-6.578530392850903e-06,-7.550890338669503e-06,-9.374836278581012e-06,-1.0197126500418628e-05,-2.1473517681600685e-07,1.2357010584472224e-07
GBR,-4.1912723105811793e-07,-4.135872018786228e-07,-1.5051748192305309e-05,-6.284284342291199e-07,-7.611148035505008e-08,-1.3096626169176088e-07,-2.636239339963518e-07,-4.393125122604176e-06,-9.964347446950756e-06,-3.6822147917388635e-07,-4.580106029602636e-06,-1.2167753681315276e-05,-7.398953129183559e-06,-1.0789116894891793e-05,-8.88782047156242e-06,-4.408476361917879e-06,-6.1262289581970556e-06,2.620443259733243e-06,-2.0069453555070632e-06,-3.4948404798391237e-06,8.560544581557178e-08,-1.3624777630096665e-06,-3.484097059239514e-06,1.1439758629758784e-06,-8.346897061987216e-06,2.17875860392294e-06,-1.6643001209612347e-06,-3.774467522669141e-06,-1.8524878955729503e-06,-1.503174535810519e-06,-9.46520188327402e-06,5.531284036548825e-07,-5.306680287046886e-06,-1.2129779094960135e-05,-1.0722409845540943e-05,-1.6045637233953673e-06,-1.5035976423157778e-05,-2.3345321774382667e-06,-6.5042360467224725e-06,-3.963872800203971e-06,-2.711843624503433e-06,-7.122466971594052e-06,-6.001620678799999e-06,-6.51667255083381e-06,-1.4064227244835402e-05,-9.637610799764529e-06,-7.356269664858229e-06,-1.150834671496566e-05,-4.5058189459160176e-06,-4.531705768451606e-06,-1.7463185783168415e-06,-1.8003024537263727e-06,-4.864606055302622e-07,-2.824508869453576e-06,-2.428397511564613e-06,-5.476146393023121e-06,-9.13618357399278e-06,-7.237084332551208e-06,-8.303690476615223e-06,-2.645648810048756e-06,-7.11066345162773e-07,-1.3771098613930079e-05,-1.220349732913152e-06,-1.7234174649366588e-05,-2.176149348851124e-06,-5.730749420407784e-06,-9.815613274731973e-07,-2.5264077033786646e-06,-3.558859935596083e-06,-2.7351528525262134e-06,-6.520147476126362e-06,-2.893565580285647e-05,-3.30312477374417e-06,-1.1494310151611977e-05,6.335128077935955e-08,-1.8765146331672869e-06,-5.497264987999104e-07,-8.764143225674128e-06,-1.772223483554144e-06,-2.1958917264387896e-06,-2.680230626990947e-07,-1.6911368688932055e-06,-9.843388403293932e-07,-1.5117791832854603e-05,-1.8145274123373784e-06,-2.445621249394737e-06,8.885643104402501e-08,-6.004549579007609e-06,-3.6212006067142483e-06,-1.814632847959199e-06,-4.694309481696939e-06,-1.5116082686985027e-05,-6.0691970616824295e-06,-1.0458807014538826e-05,-7.387946542535437e-06,-7.369867476512264e-06,-8.67597078392558e-06,-9.954287969400362e-06,-1.750533175787806e-07,-2.3777594081164036e-08
IDN,2.0307647967155733e-06,2.1883168563494905e-06,2.8175899232488256e-06,-9.48514807440131e-08,2.4063519859001197e-08,1.913664761689635e-09,-7.596087046958339e-07,2.683459335679921e-06,-1.3489100384553125e-06,-3.357046573376292e-09,-1.1773525426889808e-06,-1.0538926337743565e-06,-3.3521816448780794e-06,2.346962280382964e-06,4.78537109198074e-08,1.2343761468114284e-07,2.857540601041719e-06,3.8427695471796346e-07,4.938280670625656e-07,5.087158102111203e-07,2.0699601709368139e-07,-1.6517414360686238e-06,-3.799617298433985e-07,-4.009146800350816e-06,1.4935056467784694e-06,-1.5206655112215828e-06,-1.258794192328327e-06,6.851584610844657e-07,6.170910889622382e-07,6.763200584978023e-07,-1.0137993604694743e-06,1.2947110113823988e-06,-1.2905758424313232e-06,1.2571161857366467e-06,-1.1837502577586204e-06,-5.925764620463359e-07,-9.185026091717553e-06,7.003663645838674e-07,-4.830255367837069e-07,9.966367720336997e-07,4.091223651793773e-07,1.1495210364465058e-06,5.352817697407798e-07,-7.417402484039988e-07,2.003434774033446e-06,-8.070751035800622e-08,-2.029228089198168e-08,1.398806879066955e-06,1.2247109815436613e-06,5.783188354600489e-07,1.9601277877984816e-06,1.1173614124195847e-07,-2.7493724596016506e-07,2.6477668148794137e-06,-1.8082457334000489e-06,4.2041839274041447e-07,1.6024281939068974e-06,7.108779100228565e-07,2.851838458121138e-07,-1.1108779783877248e-07,-2.5614706869500433e-07,2.8337436409751865e-06,-4.1249583992876047e-07,4.45781376436562e-06,2.6159137071648416e-06,-2.4969806853199228e-06,6.602642109266493e-08,5.355171516629416e-07,4.284822081015348e-07,2.2159785179295393e-07,-3.623057471401465e-06,-1.3598252794640718e-06,-6.657061546531506e-07,1.4621038878097603e-06,-7.318283682206783e-08,-3.589290000491064e-07,-3.98529710990516e-07,5.324632903075394e-07,-8.366261295974773e-07,1.1935386326706807e-06,1.1684866457015359e-07,6.277145899935563e-07,1.8735408874540816e-07,-4.4371758273091934e-06,4.859742360320582e-08,9.296175606700463e-07,6.841051718717078e-07,-9.157582958198621e-08,4.851444940945636e-07,8.546849559622439e-07,4.3737649333155427e-07,2.473948011584622e-06,-1.0416543733828558e-06,9.12025542571489e-07,-7.171641537958812e-07,6.598470331459469e-07,1.67042963749076e-06,3.627874362873067e-09,-1.5180508606832887e-07,-1.0688454541763794e-07
IND,2.029319740729959e-06,1.875703014111671e-06,4.011036125047712e-06,1.8500040373330423e-08,3.4051788563236204e-08,2.1773884327084436e-08,-8.067163222425767e-07,3.2076501242871147e-06,-2.326589683621636e-06,-4.564775045846227e-08,-7.521535742762834e-07,-2.0595757299082376e-07,-2.727520144702636e-06,2.7845513886465413e-06,5.085945767826346e-07,6.813912148114824e-07,3.3699518460892573e-06,5.347717968683561e-07,4.3321198194712486e-07,4.3819918552519844e-07,5.319807558772874e-07,-1.576549436244978e-06,-4.752824026194208e-07,-5.608802525611279e-06,1.0927681081872801e-06,-2.5939190482076636e-06,-2.0977104749738934e-06,5.828800546705777e-07,2.6525915238991635e-07,9.578446395319572e-07,-6.604623879093303e-07,1.4596570451250876e-06,-1.321273618868086e-06,2.4700111460773846e-06,-9.384398250715771e-07,1.6204916978535484e-07,-7.485065200854905e-06,9.023853469225415e-07,3.633700166604518e-07,1.3936075914572413e-06,6.770373051329383e-07,1.459990202371647e-06,6.915541866159376e-07,-1.3392546371502839e-06,2.8029518790389514e-06,-6.91002042105611e-07,1.8236281381719334e-07,2.406731317798272e-06,2.574854266455339e-06,9.442581493747678e-07,2.075083346375964e-06,2.469221099478981e-07,-2.6006170185915297e-07,3.186263961426806e-06,-1.9510348995432066e-06,5.652529629190728e-07,2.0877238886191622e-06,1.0548880374706993e-06,5.588335054479532e-07,-4.6666010963876056e-07,-6.431857284133657e-07,3.5409431642851724e-06,-8.881252502938037e-07,5.051742750038624e-06,2.6206606452388883e-06,-2.8530190890292766e-06,1.0941709036287576e-07,9.279919473289475e-07,5.500743411079042e-08,5.742451252076042e-08,-3.48926272235877e-06,3.517788543709783e-07,-5.424184730254636e-07,1.0966356978443909e-06,8.335790449572162e-08,-9.72399865841236e-07,-3.5652045623516724e-07,8.64694437290034e-07,-1.1217434514870035e-06,2.196878336951849e-06,1.509054566890887e-07,8.056951529417565e-07,2.630479541899656e-07,-4.323172295071663e-06,-2.9518709030650136e-08,1.4718435921655538e-06,1.2588188512163813e-07,-7.797910026657948e-07,3.3672946317046764e-07,7.02879208969993e-07,4.506672921207048e-07,3.1204136952780805e-06,-1.5980688396783e-06,2.5413852141639757e-06,-6.60963081811409e-08,9.077871369840437e-07,2.077087581821263e-06,8.709869817479498e-07,-2.937369992706595e-07,-1.3695296993868037e-07
ITA,6.003477774047275e-05,-2.446847548295041e-05,-0.0016380002271990874,-6.73080520811341e-05,-3.448225344735766e-06,-1.1895566467340861e-05,-5.1395517540362005e-06,-0.00012972444834824414,-0.0014077219911566565,-5.0487123660527415e-05,-0.000523748371377034,-0.0009452166331852322,-0.0005807894620537443,-0.001036209562404462,-0.0009764184390779083,-0.00048115102961016076,-0.0006535510987380136,0.0003834737396385979,-0.00021424879488814158,-0.00023729443139001055,0.0002598089107239474,-0.00024271471512367975,-0.0004777605592521766,-0.00010180327231316347,-0.0008359836015851623,6.358444313562953e-05,-0.00032814506130337666,-0.00042093771783424644,-6.389532961898492e-05,-0.00012878678318957999,-0.0007218332184950293,-9.946670097888798e-06,-0.00044857712457182386,-0.0010053767075540064,-0.001204423743283934,0.0001791221734771218,-0.0011953246583378363,-0.000221895043758255,-0.0006208273542981267,-0.00035589751781294897,-0.0002923868191776293,-0.0008196605427279434,-0.00066828564810233,-0.0009043553829950257,-0.0014283054412470627,-0.0012537309261378194,-0.0007902722210824422,-0.0012746582159272508,-0.0002815153104003482,-0.0004626864950064113,-5.777490571930871e-05,-0.00017726521462318572,-5.38804332267536e-05,-0.00020085599046207529,-0.00031242799100688614,-0.000613524966833465,-0.0008916845431692178,-0.000783513597724011,-0.00099984355264626,-0.0003667308996075596,-0.0001467532733306996,-0.0012848032849652068,-0.0001399077422252965,-0.001594819911558738,-0.00011450093469191216,-0.0008871512596403824,-7.571559390035292e-05,-0.00023307516729248172,-0.0003745204990818677,-0.00020623559369028265,-0.0004472200305384934,-0.003251801398578264,-0.00037901636518297693,-0.0014095669051659339,-1.3545838959524944e-05,-0.00024202688888477053,-6.160640802780813e-05,-0.0007990751133855742,-0.00022496784989290344,-0.00015957364936308225,-2.762992236881061e-05,-0.00014130769471402027,-0.00010197321825779509,-0.001735538878131868,-0.0002455186246672481,-0.0001877670117880008,-0.00015388738582579418,-0.0006471919796506183,-0.00035654295489910565,-0.0001947881550631327,-0.0005679641069937483,-0.0015493538567549012,-0.0005535914570818375,-0.0009081224906234877,-0.0009157299711147932,-0.0008623997970586572,-0.000901082031031529,-0.0010093223266995526,-1.3958906442482493e-05,-3.157537399157847e-05
JPN,-6.9600170405276645e-06,-1.9831394633148915e-06,-3.389623439780749e-05,-1.5397906801981444e-06,-5.399366782409504e-08,-6.493331709443271e-08,1.457396448825152e-07,-1.749155580769223e-05,1.3394395492913044e-07,-2.8819336736892472e-08,-3.057855761623797e-07,-2.2964589283780527e-05,-7.314318423944518e-06,-2.1421926486934196e-05,-1.0458441802754422e-05,-6.060158045253719e-06,-1.4966748871864238e-05,6.462250846883686e-06,2.7255854400581415e-07,-9.352043463394848e-06,-7.170029485500435e-07,4.702318819391242e-06,1.5262043699357685e-06,2.2934430787843976e-05,-1.2676671404912338e-05,1.783743446271277e-05,9.671733588015462e-06,-5.060088615840707e-06,-7.561349996867526e-06,-4.303220228319694e-06,-1.9499195759905316e-05,2.7421354188401816e-06,-8.049350403480246e-06,-2.9305612109258257e-05,-1.1208462446389925e-05,-5.400245577346813e-06,-1.4554252961255607e-05,-5.440450261969158e-06,-1.0699902282036597e-05,-9.006862453331514e-06,-4.469808230816349e-06,-9.624889007239062e-06,-7.328753988954238e-06,1.506574599235918e-06,-2.4098648406534047e-05,-2.9228564292960306e-06,-7.840361156161175e-06,-1.9287202414578104e-05,-1.45252850801859e-05,-8.677181883786014e-06,-8.703210500495674e-06,-3.4438544480095144e-06,-1.3279235606144653e-07,-8.81298432727376e-06,3.0071631728419427e-06,-6.433783453629169e-06,-1.6186056710121893e-05,-8.375897061515763e-06,-6.632453002010322e-06,2.3805494549550004e-06,5.8214176083881e-06,-2.9955020091305173e-05,1.5692663663147148e-06,-3.485524741645028e-05,-1.2026936800082243e-05,5.452937951297322e-07,-1.5689222655662336e-06,-5.030248973536835e-06,-3.1901776154547053e-06,-4.86143011842857e-06,5.207826358962616e-06,-3.841838554811126e-05,-3.8169228267895127e-07,-9.868852971903928e-06,5.299088095015933e-07,3.0713397303732824e-06,3.987111593166213e-07,-1.5257719037183764e-05,3.6268947656273743e-06,-4.340448467774104e-06,-6.278845639454365e-07,-4.610933129067992e-06,-1.7186657177669136e-06,-1.0566249510861408e-05,-2.131249036645578e-06,-6.9965944512681625e-06,4.854141949002808e-06,-7.17318305300978e-06,-5.7642399782166115e-06,-4.391673652757554e-06,-4.424314273712974e-06,-2.6318293327684907e-05,-5.860992881072644e-06,-1.9965964721912377e-05,-3.4350087346601655e-06,-9.654151322361166e-06,-1.641978535050763e-05,-1.7213851420513224e-05,1.4097420695560543e-07,5.566363591020641e-07
KOR,0.04897931250610256,0.07170695756029015,0.016522893911698835,-0.031152770577704634,-0.00547360355787747,-0.002318846369336599,-0.029949343785286724,0.05943985421027321,-0.07511951282947674,0.003110596874588123,-0.013603437821107832,0.024543343748325747,0.03354008489568554,0.024820434425146934,0.0259553953063543,0.031116875365339705,0.01599735385047914,0.07995946857747811,0.05103026848960536,0.027841108542089394,0.07682945201313068,-0.022254237935379624,-8.0786823868284e-05,0.013938876641381456,0.0025223295494245968,0.03964307588211756,0.0405058430989257,-0.0004469552500590113,0.02657517442285928,0.014877223650618767,-0.03387115018209427,0.0585921218154391,-0.035928794952849834,0.025634949962686775,-0.025788525934924676,0.0314404916187292,-0.06306933475195294,0.005665366082472167,0.023621054565923904,0.016613514580864217,-0.019732789804398607,0.037751908819641314,0.023684045894634857,0.03041267702672092,0.01733441874060565,0.015490705890136508,0.01841799101186022,0.030541059030409712,0.00891916046166568,-0.03270236196870518,0.038771245666628054,-0.0010307703554480031,-0.012603738668177565,0.10633233601213107,-0.03716588619646371,0.026015706632954775,0.07215034137446544,0.05871056612141807,0.018975873376491217,-0.005052310335768879,-0.007222374520009457,0.05660818851659917,0.0014453396646717726,0.14143941193678922,0.004927192084584459,-0.11011911141243635,0.003906533745408329,-0.0033471807091225744,0.004914722155230547,0.028751791996040492,8.609673382560445e-05,-0.16015781975848217,0.012791153405073903,0.06672816567835442,-0.011724327847300686,-0.014418411292962629,-0.002735587576487392,-0.005150215430133991,0.01846580126126884,0.07850307058720923,0.0006320314113659002,0.00286331193450252,0.0027306445463472747,-0.12470520103381204,-0.01153300745574661,0.005607870532612583,-0.03124629362782715,-0.055243161073732325,-0.009755668707356497,0.014227707136267111,0.0013969830270583075,0.03146254092486546,-0.05818434451903615,0.04012614819355395,0.02509195793243839,0.0296598250836366,0.028415435838784406,0.02685123567798962,0.0027882053480329,-0.021814031758748468
MEX,1.4499218214315996e-06,2.091716251447846e-06,-3.8277987439765715e-07,-2.8535815077431455e-07,3.3200262224421065e-08,3.191301557460969e-08,-7.299958056972859e-07,1.7261186671158834e-06,-1.315876597099895e-06,-6.142159839567245e-08,1.7367399633439962e-08,-1.2456265410422447e-06,-1.2894368202498339e-06,1.0604067411238776e-06,-1.304615762672792e-09,5.581044198965757e-07,1.4005000336279657e-06,1.405664299171466e-06,1.3092728727376337e-06,3.0964745458628074e-07,2.115689111490353e-06,-6.894540892558945e-07,8.972649608834751e-07,-2.0920874828528385e-06,2.53526949161035e-08,5.366122532775743e-07,1.2060272206876701e-07,2.2992977629613892e-07,-3.2009152051751634e-07,2.9123688421147864e-07,-1.568561085373039e-06,2.3056905148736953e-06,-1.8733705046405779e-06,-2.1775329345800938e-07,-1.6268575066697454e-06,-1.6888616274997783e-08,-6.567415351304865e-06,3.960083335570676e-07,-3.94068127559275e-07,3.539323378446159e-07,-3.7920369031026764e-07,9.326625989447661e-07,3.6221661754128903e-07,5.821182974990373e-07,2.323195730916647e-08,-2.9953031957779286e-07,2.1271682650801284e-07,2.9136965933206865e-07,6.535078484025414e-07,-8.565564023728258e-07,1.2316383955215773e-06,-3.242503522022997e-08,-2.9272753318242316e-07,3.0195185231397994e-06,-7.930524279912847e-07,2.2902512174593426e-07,1.5976667067748288e-06,1.1726193624669912e-06,5.627573943877219e-07,-2.1381355118641743e-08,5.784619722592549e-07,9.65338234822389e-07,2.734054097974401e-08,3.534285922281979e-06,7.297182261330215e-07,-3.159727570467111e-06,4.060413375657167e-08,3.666625016791829e-07,-7.156218196946741e-07,-1.633523940766475e-07,4.3278463164434173e-07,-3.329029882863845e-06,8.65439017755755e-08,8.534748682268516e-07,1.0741682312469393e-07,-1.9749810476930321e-07,-1.3141734379136612e-07,2.072573252207067e-07,-1.5278161080269078e-07,1.982281352478518e-06,3.762060497152047e-08,1.8186172004604803e-07,9.993277285343544e-08,-3.823172371620969e-06,-3.9344307933031374e-07,8.918254154247382e-08,-1.0617284416356308e-07,-6.331297109308426e-07,7.20466953463668e-08,7.257512789907719e-08,1.4662012351469475e-07,1.0787890959871837e-06,-1.6528064576760939e-07,1.0781761696890322e-06,6.542370295792601e-07,3.5641534582025094e-07,4.0284623993279254e-07,5.753667960752162e-07,-1.02935521516672e-08,-3.2473976544752115e-07
RUS,0.00031667025806411225,0.0008349011383058824,0.0015611131459481167,0.00018407251414428433,4.594159804546569e-05,3.539771826999262e-05,0.00013603638014097452,0.0008324712338437845,0.0013835376625988072,6.289742472950374e-05,0.0008542344205687776,0.0010649386553856172,0.0010844734591613225,0.0011347360629978514,0.0010425551109830113,0.0004209401696888931,0.0008332530463725031,0.0007624097537187446,0.0004221218682306996,0.00043660045400240163,0.0005546067628979595,0.0007392768423122888,0.0009913300481200961,0.0007066224497036619,0.001288304373371482,0.0009279245373310542,0.000938571119509223,0.0005950527738112615,0.0005131615800445929,7.938462951604916e-05,0.0001876734188223072,0.00019998270974138724,0.0007319799174632039,0.0011323276071153498,0.0010465382631899267,0.0006127412246624065,0.0018343674894977739,0.00038648939279176944,0.0010049231159223232,0.0007151906534907865,0.0003389113385214224,0.0010305532467233672,0.0008683757531620503,0.001373590558824437,0.001464307959451356,0.0015131915462189556,0.0007292537942499909,0.0014514599295928873,0.0009340367243172821,0.0007725960955286189,0.0003936672637820984,0.00015886241154319588,0.00011459957036133373,0.0010382550220842596,0.00042188555996386926,0.0006245436385957087,0.0015431015326399034,0.0010800943403048897,0.0012791422403503486,0.0004014636858573955,0.00023181870625609734,0.0011675591566492132,0.0003101019513020761,0.0015852154960847614,0.00045059887135610297,0.0009257233964825889,7.010568757346013e-05,0.00043154158376852887,0.0005101843390541007,0.00022596500801611656,0.0009938052690455041,0.0018198025478814125,0.0005958510358935115,0.0018410267305323464,0.00022025868235954016,0.00027598400740165156,7.553350782122631e-05,0.0005238187131634492,0.00044114102794847625,0.0007367197070583129,5.477018367651018e-05,0.0002813829295280522,0.00015061072837898814,0.001832898675912469,0.00017758379672969351,0.00029274051897692566,0.00024395214127490508,0.0005978742900493738,0.00043053542353252737,5.651131582739169e-05,0.000504118991361004,0.001512702809368713,0.0009391203539756372,0.001208225833900258,0.0015998254481368317,0.0006967107355579862,0.0008450773397056707,0.0008318461434763734,6.555090781953171e-05,0.00011997447182334976
SAU,1.9703345062604068e-06,1.7316174548121973e-06,4.809754334193934e-06,4.2148220689375405e-08,-9.23187427368958e-09,9.84572981232634e-09,-1.2350151585985488e-06,4.581825862385706e-06,8.354832801499762e-07,-2.1463368795699497e-07,-1.8602826542005266e-06,-2.0537188116044098e-06,-3.656828890645413e-07,3.2830591445558742e-06,8.012869405356837e-07,2.941780368280382e-07,3.7487661708668585e-06,-7.312909938447976e-07,-2.2178181845236056e-07,8.341664096314791e-07,1.4321321568930406e-06,-1.4064108205200177e-06,-1.6229565787419528e-06,-4.161243092972708e-06,8.751957803536926e-07,-3.6574743756697507e-06,-2.519902433542459e-06,7.191286850738211e-07,2.4560953365521813e-06,7.894956571474669e-07,4.7054745129384436e-07,4.190929321482056e-07,3.473916781260684e-07,2.436733530768572e-06,-3.818733049380424e-08,-1.085442871554798e-06,-7.504574437700221e-06,1.1589298094794645e-06,-7.162665564923952e-07,9.887517094677386e-07,3.221763319381505e-07,7.327383372363981e-07,-1.497787978449484e-07,9.660975356142604e-08,1.6716846958126092e-06,-3.6463707938161427e-06,-1.261815579254131e-06,2.3728416834881886e-07,3.5322560837460925e-06,3.874892114681042e-07,3.0898835980933988e-06,1.3720380650518114e-07,-2.7462317833676176e-07,3.435537929575538e-06,-2.4531618983600993e-06,1.8425491046159266e-07,2.873199076185651e-06,5.527542187400001e-07,3.6779098438003717e-07,-5.820288387832733e-07,-2.167946664608856e-07,2.8061583205842913e-06,4.1284604069580414e-07,6.914722012604611e-06,3.1016134774264266e-06,-3.533585185993219e-06,3.161254196170067e-07,3.79314810750658e-07,9.68492162298173e-07,2.4939151089183883e-07,-4.612946410976044e-06,4.036582922922992e-06,-6.914921699806799e-07,3.748751399826087e-06,-6.210212498612732e-07,-1.146531727456302e-06,-2.6048157043377906e-07,1.6488078026570237e-06,-1.2928476839671174e-06,1.2421010130989147e-07,1.340791600752961e-07,6.64144423506033e-07,3.2000160350232913e-07,-3.641527454716868e-06,6.322259305392782e-07,-4.5003895734612756e-08,5.905587775838111e-08,2.2985025284360343e-06,9.734549527858409e-07,1.5571559421090516e-06,-3.8205458479473387e-07,9.123165719668512e-07,1.5404523191607915e-06,-9.436305107835181e-07,9.86568781431516e-07,1.398279947203112e-06,2.4551891858011355e-06,2.294721272031354e-07,-9.367521521346139e-08,-7.848270561711476e-08
TUR,1.2544784443870464e-06,5.596886139184468e-07,3.3099687638161746e-06,1.0689608438187252e-07,5.2450679550573994e-08,2.0226691396646366e-08,-4.1357290601892777e-07,3.8217611705095225e-06,-3.6142007495419064e-06,-1.4917226518523762e-07,-1.1636445256860882e-06,2.991987135540144e-07,-1.4846390880452126e-06,2.2548489461295176e-06,2.2430072214485641e-07,3.937943045098501e-07,2.6191662737355352e-06,4.0371485952630223e-07,3.0165903882490365e-07,5.570381759416432e-07,-1.7226824839032408e-07,-1.7644392705232168e-06,1.5915067230218276e-07,-5.246771297537929e-06,4.39530485736944e-07,-2.419174158560583e-06,-1.6469997783658205e-06,4.635178517407336e-07,-2.0325718024492227e-07,6.011895146753821e-07,-6.067918391979506e-07,1.4646921844103802e-06,-1.2587186831012984e-06,2.552021404050872e-06,-7.395539273686432e-07,2.939593569340777e-07,-4.507343838892776e-06,7.71390241831237e-07,6.639973810251957e-07,1.3622905626901963e-06,6.475381553613653e-07,1.0093270160448305e-06,4.811397104991576e-07,-1.7918444998621687e-06,2.3114862957533525e-06,-7.60356288508431e-07,1.4467323887681932e-07,2.5573642986993296e-06,2.4838518468822954e-06,8.014303738292487e-07,1.4702608573262323e-06,1.7671518468553977e-07,-6.1449830105382e-08,2.7311357764870407e-06,-1.1175650165317633e-06,3.10768616577482e-07,1.4589239264431675e-06,7.712697684519927e-07,2.2232790623705353e-07,-1.2057931864077164e-06,-8.414361884672549e-07,2.9588628329507145e-06,-1.6152409788414673e-06,2.632035751008968e-06,1.9805868924663366e-06,-2.672226743719001e-06,2.2297734433970683e-07,8.315461549510766e-07,-4.83495181762638e-07,-4.1258914994146566e-09,-3.6657597395793954e-06,4.580678156385253e-07,-6.337861015744917e-07,-2.23149256595425e-07,2.3059427345423914e-07,-1.836653286046869e-06,-2.6541460379596884e-07,1.1160598678888529e-06,-1.2981476773532622e-06,2.2391105660324954e-06,1.336577277975121e-07,8.586627654011089e-07,2.5135678772246943e-07,-2.287314447133259e-06,-1.3239741324948972e-07,1.3080177903488395e-06,-7.723382653119407e-07,-1.523327968330891e-06,-2.118261612266573e-07,9.615337553735953e-09,3.9461829353625886e-07,2.8171443744782055e-06,-1.1724628763049357e-06,3.77131181575835e-06,3.7376631407443616e-07,5.916372881704308e-07,1.2206384655568262e-06,1.5941371421910936e-06,-2.189943404481071e-07,2.645513923171075e-08
USA,-8.433339806059342e-06,-2.418014611553614e-06,-3.985366156680744e-05,-1.762796547407188e-06,-5.0803764270738286e-08,-8.976577032611104e-08,2.2472437268035213e-07,-2.084926388278631e-05,4.7623294910361407e-07,-1.5000389829023097e-07,2.901488245583167e-07,-2.700894392464597e-05,-8.592552099594993e-06,-2.537124901315222e-05,-1.23056660761709e-05,-6.716531827495567e-06,-1.768512322586642e-05,6.934689317392164e-06,7.582516912277405e-08,-1.1214644397355839e-05,-1.4963674132676042e-06,5.33535290153905e-06,1.8340325863981938e-06,2.5780993777305097e-05,-1.6060547810070044e-05,1.9836378565011832e-05,1.0548567195532054e-05,-6.232157128731404e-06,-9.350365100032469e-06,-4.956989844777123e-06,-2.210222580015633e-05,2.690102347835239e-06,-9.163008721286355e-06,-3.3737058272769496e-05,-1.3020195328652184e-05,-6.5059390643366194e-06,-1.7598824654716713e-05,-6.4316830279688805e-06,-1.1974133505197836e-05,-1.0556745748948499e-05,-5.394579930253243e-06,-1.1314628538128695e-05,-8.472673379795446e-06,2.4982936420266624e-06,-2.8039235837102065e-05,-3.6165929360162266e-06,-8.94815139588071e-06,-2.202772407135e-05,-1.608624716083273e-05,-1.0351285343284062e-05,-1.0538580164626245e-05,-4.037443192238697e-06,-1.0319668972176214e-07,-1.0134503733480231e-05,4.213268267982493e-06,-7.768415590101692e-06,-1.9027378804168594e-05,-9.90770561415338e-06,-7.641275156667364e-06,3.0001349877460114e-06,7.473054153081458e-06,-3.499067769592551e-05,1.7479181174348222e-06,-4.150313970690937e-05,-1.4602505522121027e-05,6.176038530956967e-07,-1.9266302545575084e-06,-5.902633272010366e-06,-4.565866838138472e-06,-6.04056184787915e-06,6.7495141484749614e-06,-4.3707080301495305e-05,-1.9010896203511666e-07,-1.173493929028737e-05,8.38962257979884e-07,3.6446213869540425e-06,5.849103624093083e-07,-1.7046476811630105e-05,4.263247450544054e-06,-4.419797739533312e-06,-7.266129766210068e-07,-5.3125983544321676e-06,-1.9985294546744427e-06,-1.029131314594195e-05,-2.722584312812498e-06,-8.361371254382029e-06,5.38898905742537e-06,-8.689496154747357e-06,-6.952536222602931e-06,-5.506608384176036e-06,-5.1700266803279126e-06,-3.077083811961668e-05,-6.088346749145119e-06,-2.177615435812441e-05,-3.872414604208684e-06,-1.1199328072061981e-05,-1.950111174862699e-05,-1.9269395000538986e-05,1.3927403239163822e-07,7.205027828897929e-07
ZAF,1.518139368648519e-05,2.1928413268031366e-05,0.00011364039741189672,7.35941037752234e-07,4.6309801940506934e-07,9.639423435764438e-07,4.204931426247016e-07,7.366070757917427e-06,9.868262507333737e-05,5.575709264191853e-06,5.117250341365982e-05,5.103883850856847e-05,4.555498099308882e-05,4.536365714605798e-05,5.7139315228518984e-05,3.408157801319588e-05,4.495291018616407e-05,-7.325907769744778e-06,2.076322882905169e-05,2.8908019641525482e-05,1.9194866988400346e-05,2.7998851980588423e-05,8.506829347823213e-06,4.3615789060512156e-05,7.528631766035916e-05,1.416999280689307e-05,1.336947318206075e-05,1.1353564930400809e-05,3.530826942561511e-05,6.045599049967094e-06,2.4926357752548626e-05,1.0265307092523793e-05,-1.893716686838334e-06,4.5551196025859944e-05,5.735965934596746e-05,4.320308530980477e-06,4.760518143669609e-05,2.2753785122735794e-05,5.694597951842823e-05,2.6846387541665998e-05,1.8596570860566896e-05,3.927040192496378e-05,3.971864269479077e-05,6.588685154896674e-05,6.518012829228977e-05,2.8941327577724064e-05,2.658102833504515e-05,4.2679417017578986e-05,3.0112862481345443e-05,1.0475082248133665e-05,1.6240061980858438e-05,9.327621660919542e-06,1.2215155912448232e-06,2.968465604486018e-05,6.188364574026643e-06,2.9973833288611465e-05,4.8560772441285024e-05,4.141855696141537e-05,5.2900300839884795e-05,2.7610304250073247e-05,1.8483107859609955e-05,7.093107445382523e-05,2.5726293471466208e-05,0.00013102502699434803,1.892711597902476e-05,2.9305644276550775e-05,3.7998423246085625e-06,6.157092141022309e-06,1.5155332642435567e-05,1.1508936619022199e-05,6.220630668604584e-05,8.768716023638521e-05,3.0212753873287067e-05,0.00010334663111454221,1.067216320279055e-06,2.5687057439369026e-05,4.678161321062041e-06,5.025625416013465e-05,2.329030510547699e-05,3.8975615294225176e-05,2.1771728752134566e-06,7.620976591721438e-06,5.724531318539906e-06,6.12399388295937e-05,9.801558912321904e-06,1.4898976119607764e-05,7.211663348584747e-06,5.846716510266914e-05,1.9341378022962447e-05,1.7729259891131035e-05,2.4929394231023458e-05,8.487824438686e-05,4.028900700223808e-05,4.6381721557031595e-05,5.731227164699796e-05,4.435902113882331e-05,5.286393608457677e-05,5.389984880843827e-05,1.7920375894718563e-06,-1.458959350322188e-06
